epoch,train_loss,val_loss,precision_0,recall_0,f1_0,support_0,precision_1,recall_1,f1_1,support_1,macro_f1
1,0.41168811375444586,0.09811153606278822,0.9863013698630136,1.0,0.993103448275862,72.0,1.0,0.5,0.6666666666666666,2.0,0.8298850574712644
2,0.3533465455878865,0.09487139146464567,0.9863013698630136,1.0,0.993103448275862,72.0,1.0,0.5,0.6666666666666666,2.0,0.8298850574712644
3,0.26775909147479315,0.08488106704317033,0.9863013698630136,1.0,0.993103448275862,72.0,1.0,0.5,0.6666666666666666,2.0,0.8298850574712644
4,0.07332623191177845,0.07680996235770483,0.9863013698630136,1.0,0.993103448275862,72.0,1.0,0.5,0.6666666666666666,2.0,0.8298850574712644
5,0.01949218415062536,0.07455806721312304,0.9863013698630136,1.0,0.993103448275862,72.0,1.0,0.5,0.6666666666666666,2.0,0.8298850574712644
6,0.005614814179187471,0.0769233336710992,0.9863013698630136,1.0,0.993103448275862,72.0,1.0,0.5,0.6666666666666666,2.0,0.8298850574712644
