epoch,train_loss,val_loss,precision_0,recall_0,f1_0,support_0,precision_1,recall_1,f1_1,support_1,macro_f1,saved_model_path,training_phase
1,0.701604813337326,0.6816316246986389,0.5,1.0,0.6666666666666666,2.0,0.0,0.0,0.0,2.0,0.3333333333333333,models/Cult_2_SUB_FR.jsonl.model_epoch_1,normal
3,0.6359118819236755,0.6535295844078064,1.0,0.5,0.6666666666666666,2.0,0.6666666666666666,1.0,0.8,2.0,0.7333333333333334,models/Cult_2_SUB_FR.jsonl.model_epoch_3,normal
4,0.6006398797035217,0.6257123947143555,1.0,1.0,1.0,2.0,1.0,1.0,1.0,2.0,1.0,models/Cult_2_SUB_FR.jsonl.model_epoch_4,normal
