epoch,train_loss,val_loss,precision_0,recall_0,f1_0,support_0,precision_1,recall_1,f1_1,support_1,macro_f1,saved_model_path,training_phase
1,0.12740963185206056,0.03224463631900457,0.9951807228915662,1.0,0.9975845410628019,413.0,0.0,0.0,0.0,2.0,0.49879227053140096,models/Cult_3_SUB_FR.jsonl.model_epoch_1,normal
3,0.9401176182123331,0.4651272961726555,0.9970501474926253,0.8184019370460048,0.898936170212766,413.0,0.013157894736842105,0.5,0.02564102564102564,2.0,0.4622885979268958,models/Cult_3_SUB_FR.jsonl.model_reinforced_epoch_3,reinforced
