epoch,train_loss,val_loss,precision_0,recall_0,f1_0,support_0,precision_1,recall_1,f1_1,support_1,macro_f1,saved_model_path,training_phase
1,0.18150144213667282,0.13446398709829038,0.9710843373493976,1.0,0.9853300733496333,403.0,0.0,0.0,0.0,12.0,0.49266503667481665,models/Messenger_7_SUB_FR.jsonl.model_epoch_1,normal
12,0.0991700896814179,0.0972225906040806,0.9850746268656716,0.9826302729528535,0.9838509316770186,403.0,0.46153846153846156,0.5,0.48,12.0,0.7319254658385093,models/Messenger_7_SUB_FR.jsonl.model_epoch_12,normal
16,0.05338072214418879,0.08961656499797335,0.9828431372549019,0.9950372208436724,0.9889025893958077,403.0,0.7142857142857143,0.4166666666666667,0.5263157894736842,12.0,0.7576091894347459,models/Messenger_7_SUB_FR.jsonl.model_epoch_16,normal
17,0.0443064181599766,0.08939790127512354,0.9828850855745721,0.9975186104218362,0.9901477832512315,403.0,0.8333333333333334,0.4166666666666667,0.5555555555555556,12.0,0.7728516694033936,models/Messenger_7_SUB_FR.jsonl.model_epoch_17,normal
18,0.038820874196692154,0.08315715630753683,0.9875930521091811,0.9875930521091811,0.9875930521091811,403.0,0.5833333333333334,0.5833333333333334,0.5833333333333334,12.0,0.7854631927212572,models/Messenger_7_SUB_FR.jsonl.model_epoch_18,normal
19,0.0336246413196652,0.09638938920285839,0.9924433249370277,0.9776674937965261,0.985,403.0,0.5,0.75,0.6,12.0,0.7925,models/Messenger_7_SUB_FR.jsonl.model_epoch_19,normal
14,0.0050701330003973385,0.1319185886084317,0.992462311557789,0.9801488833746899,0.9862671660424469,403.0,0.5294117647058824,0.75,0.6206896551724138,12.0,0.8034784106074304,models/Messenger_7_SUB_FR.jsonl.model_reinforced_epoch_14,reinforced
16,0.010463893512048973,0.13236764630374426,0.9949494949494949,0.9776674937965261,0.986232790988736,403.0,0.5263157894736842,0.8333333333333334,0.6451612903225806,12.0,0.8156970406556583,models/Messenger_7_SUB_FR.jsonl.model_reinforced_epoch_16,reinforced
