epoch,train_loss,val_loss,precision_0,recall_0,f1_0,support_0,precision_1,recall_1,f1_1,support_1,macro_f1,saved_model_path,training_phase
1,0.12264881666319874,0.020755814101833563,0.9975903614457832,1.0,0.9987937273823885,414.0,0.0,0.0,0.0,1.0,0.49939686369119424,models/Cult_4_SUB_FR.jsonl.model_epoch_1,normal
3,0.6187866043585998,1.2681085696587195,1.0,0.07729468599033816,0.14349775784753363,414.0,0.0026109660574412533,1.0,0.005208333333333333,1.0,0.07435304559043349,models/Cult_4_SUB_FR.jsonl.model_reinforced_epoch_3,reinforced
